
#INICIAR
# CREATE DATABASE IF NOT EXISTS doggis; USE doggis;
# CREATE USER 'doggisApp'@'%' IDENTIFIED BY 'Doggis@2019';
# GRANT ALL PRIVILEGES ON doggis.* TO 'doggisApp'@'localhost';

#PERFIS
INSERT IGNORE INTO perfil (id_perfil, dt_inclusao, descricao) VALUES(1, NOW(), 'Administrador');
INSERT IGNORE INTO perfil (id_perfil, dt_inclusao, descricao) VALUES(2, NOW(), 'Atendente');
INSERT IGNORE INTO perfil (id_perfil, dt_inclusao, descricao) VALUES(3, NOW(), 'Veterinário');
INSERT IGNORE INTO perfil (id_perfil, dt_inclusao, descricao) VALUES(4, NOW(), 'Cliente');

#PAPEL
INSERT IGNORE INTO papel (id_papel, dt_inclusao, menu, descricao) VALUES(1, NOW(), 'agenda', 'Agenda');
INSERT IGNORE INTO papel (id_papel, dt_inclusao, menu, descricao) VALUES(2, NOW(), 'avaliacao', 'Avaliação');
INSERT IGNORE INTO papel (id_papel, dt_inclusao, menu, descricao) VALUES(3, NOW(), 'categoria', 'Categorias');
INSERT IGNORE INTO papel (id_papel, dt_inclusao, menu, descricao) VALUES(4, NOW(), 'cliente', 'Clientes');
INSERT IGNORE INTO papel (id_papel, dt_inclusao, menu, descricao) VALUES(5, NOW(), 'especie', 'Especies');
INSERT IGNORE INTO papel (id_papel, dt_inclusao, menu, descricao) VALUES(6, NOW(), 'estado', 'Estados');
INSERT IGNORE INTO papel (id_papel, dt_inclusao, menu, descricao) VALUES(7, NOW(), 'estoque', 'Estoque');
INSERT IGNORE INTO papel (id_papel, dt_inclusao, menu, descricao) VALUES(8, NOW(), 'fabricante', 'Fabricantes');
INSERT IGNORE INTO papel (id_papel, dt_inclusao, menu, descricao) VALUES(9, NOW(), 'pagamento', 'Meios de pagamento');
INSERT IGNORE INTO papel (id_papel, dt_inclusao, menu, descricao) VALUES(10, NOW(), 'papel', 'Papeis');
INSERT IGNORE INTO papel (id_papel, dt_inclusao, menu, descricao) VALUES(11, NOW(), 'pedido', 'Pedidos');
INSERT IGNORE INTO papel (id_papel, dt_inclusao, menu, descricao) VALUES(12, NOW(), 'perfil', 'Perfis');
INSERT IGNORE INTO papel (id_papel, dt_inclusao, menu, descricao) VALUES(13, NOW(), 'pet', 'Pets');
INSERT IGNORE INTO papel (id_papel, dt_inclusao, menu, descricao) VALUES(14, NOW(), 'porte', 'Portes');
INSERT IGNORE INTO papel (id_papel, dt_inclusao, menu, descricao) VALUES(15, NOW(), 'produto', 'Produtos');
INSERT IGNORE INTO papel (id_papel, dt_inclusao, menu, descricao) VALUES(16, NOW(), 'promocao', 'Promoções');
INSERT IGNORE INTO papel (id_papel, dt_inclusao, menu, descricao) VALUES(17, NOW(), 'raca', 'Raças');
INSERT IGNORE INTO papel (id_papel, dt_inclusao, menu, descricao) VALUES(18, NOW(), 'servico', 'Serviços');
INSERT IGNORE INTO papel (id_papel, dt_inclusao, menu, descricao) VALUES(19, NOW(), 'usuario', 'Usuários');

#PERFIL_PAPEL · ADMINISTRADOR
INSERT IGNORE INTO perfil_papel (id_perfil, id_papel) SELECT 1, id_papel FROM papel;

#PERFIL_PAPEL · ATENDENTE
INSERT IGNORE INTO perfil_papel (id_perfil, id_papel) VALUES(2, 1);
INSERT IGNORE INTO perfil_papel (id_perfil, id_papel) VALUES(2, 4);

#PERFIL_PAPEL · VETERINARIO

#PERFIL_PAPEL · CLIENTE
INSERT IGNORE INTO perfil_papel (id_perfil, id_papel) VALUES(4, 1);
INSERT IGNORE INTO perfil_papel (id_perfil, id_papel) VALUES(4, 2);
INSERT IGNORE INTO perfil_papel (id_perfil, id_papel) VALUES(4, 11);
INSERT IGNORE INTO perfil_papel (id_perfil, id_papel) VALUES(4, 13);
INSERT IGNORE INTO perfil_papel (id_perfil, id_papel) VALUES(4, 15);
INSERT IGNORE INTO perfil_papel (id_perfil, id_papel) VALUES(4, 19);

#USUARIOS (SENHA = doggis@puc)
INSERT IGNORE INTO usuario (id_usuario, ativo, cpf, dt_inclusao, email, nome, registro, rg, senha, id_perfil) VALUES(1, TRUE, '111.111.111-11', NOW(), 'admin@doggis.com', 'Administrador', '', '', '$2a$10$FNNqIkQyBm7RuSkmdWvxkejIPW5FiZGrvKQxa2D3IEh/iUjirgIiS', 1);
INSERT IGNORE INTO usuario (id_usuario, ativo, cpf, dt_inclusao, email, nome, registro, rg, senha, id_perfil) VALUES(2, TRUE, '222.222.222-22', NOW(), 'atendente@doggis.com', 'Atendente', '', '', '$2a$10$FNNqIkQyBm7RuSkmdWvxkejIPW5FiZGrvKQxa2D3IEh/iUjirgIiS', 2);
INSERT IGNORE INTO usuario (id_usuario, ativo, cpf, dt_inclusao, email, nome, registro, rg, senha, id_perfil) VALUES(3, TRUE, '333.333.333-33', NOW(), 'veterinario@doggis.com', 'Veterinario', '12345-6', '33.3333', '$2a$10$FNNqIkQyBm7RuSkmdWvxkejIPW5FiZGrvKQxa2D3IEh/iUjirgIiS', 3);
INSERT IGNORE INTO usuario (id_usuario, ativo, cpf, dt_inclusao, email, nome, registro, rg, senha, id_perfil) VALUES(4, TRUE, '444.444.444-44', NOW(), 'cliente@doggis.com', 'Cliente', '', '44.4444', '$2a$10$FNNqIkQyBm7RuSkmdWvxkejIPW5FiZGrvKQxa2D3IEh/iUjirgIiS', 4);

#ESPECIES
INSERT IGNORE INTO especie (id_especie, dt_inclusao, descricao, icone) VALUES(1, NOW(), 'Cão', 'icone-cao');
INSERT IGNORE INTO especie (id_especie, dt_inclusao, descricao, icone) VALUES(2, NOW(), 'Gato', 'icone-gato');
INSERT IGNORE INTO especie (id_especie, dt_inclusao, descricao, icone) VALUES(3, NOW(), 'Ave', 'icone-ave');
INSERT IGNORE INTO especie (id_especie, dt_inclusao, descricao, icone) VALUES(4, NOW(), 'Peixe', 'icone-peixe');
INSERT IGNORE INTO especie (id_especie, dt_inclusao, descricao, icone) VALUES(5, NOW(), 'Roedor', 'icone-roedor');
INSERT IGNORE INTO especie (id_especie, dt_inclusao, descricao, icone) VALUES(6, NOW(), 'Anfíbio', 'icone-anfibio');
INSERT IGNORE INTO especie (id_especie, dt_inclusao, descricao, icone) VALUES(7, NOW(), 'Réptil', 'icone-reptil');

#RACAS · CAES
INSERT IGNORE INTO raca (dt_inclusao, id_especie, id_raca, descricao) VALUES(NOW(), 1, 1, 'Affenpinscher');
INSERT IGNORE INTO raca (dt_inclusao, id_especie, id_raca, descricao) VALUES(NOW(), 1, 2, 'Afghan Hound');
INSERT IGNORE INTO raca (dt_inclusao, id_especie, id_raca, descricao) VALUES(NOW(), 1, 3, 'Airedale Terrier');
INSERT IGNORE INTO raca (dt_inclusao, id_especie, id_raca, descricao) VALUES(NOW(), 1, 4, 'Akita');
INSERT IGNORE INTO raca (dt_inclusao, id_especie, id_raca, descricao) VALUES(NOW(), 1, 5, 'Akita Americano');
INSERT IGNORE INTO raca (dt_inclusao, id_especie, id_raca, descricao) VALUES(NOW(), 1, 6, 'American Pit Bull Terrier');
INSERT IGNORE INTO raca (dt_inclusao, id_especie, id_raca, descricao) VALUES(NOW(), 1, 7, 'American Staffordshire Terrier');
INSERT IGNORE INTO raca (dt_inclusao, id_especie, id_raca, descricao) VALUES(NOW(), 1, 8, 'Australian Shepherd');
INSERT IGNORE INTO raca (dt_inclusao, id_especie, id_raca, descricao) VALUES(NOW(), 1, 9, 'Basenji');
INSERT IGNORE INTO raca (dt_inclusao, id_especie, id_raca, descricao) VALUES(NOW(), 1, 10, 'Basset Fulvo da Bretanha');
INSERT IGNORE INTO raca (dt_inclusao, id_especie, id_raca, descricao) VALUES(NOW(), 1, 11, 'Basset Hound');
INSERT IGNORE INTO raca (dt_inclusao, id_especie, id_raca, descricao) VALUES(NOW(), 1, 12, 'Beagle');
INSERT IGNORE INTO raca (dt_inclusao, id_especie, id_raca, descricao) VALUES(NOW(), 1, 13, 'Beagle-Harrier');
INSERT IGNORE INTO raca (dt_inclusao, id_especie, id_raca, descricao) VALUES(NOW(), 1, 14, 'Bearded Collie');
INSERT IGNORE INTO raca (dt_inclusao, id_especie, id_raca, descricao) VALUES(NOW(), 1, 15, 'Bedlington Terrier');
INSERT IGNORE INTO raca (dt_inclusao, id_especie, id_raca, descricao) VALUES(NOW(), 1, 16, 'Bernese Mountain Dog');
INSERT IGNORE INTO raca (dt_inclusao, id_especie, id_raca, descricao) VALUES(NOW(), 1, 17, 'Bichon Bolonhês');
INSERT IGNORE INTO raca (dt_inclusao, id_especie, id_raca, descricao) VALUES(NOW(), 1, 18, 'Bichon Frisé');
INSERT IGNORE INTO raca (dt_inclusao, id_especie, id_raca, descricao) VALUES(NOW(), 1, 19, 'Bichon Havanês');
INSERT IGNORE INTO raca (dt_inclusao, id_especie, id_raca, descricao) VALUES(NOW(), 1, 20, 'Boerboel');
INSERT IGNORE INTO raca (dt_inclusao, id_especie, id_raca, descricao) VALUES(NOW(), 1, 21, 'Boiadeiro de Entlebuch');
INSERT IGNORE INTO raca (dt_inclusao, id_especie, id_raca, descricao) VALUES(NOW(), 1, 22, 'Border Collie');
INSERT IGNORE INTO raca (dt_inclusao, id_especie, id_raca, descricao) VALUES(NOW(), 1, 23, 'Border Terrier');
INSERT IGNORE INTO raca (dt_inclusao, id_especie, id_raca, descricao) VALUES(NOW(), 1, 24, 'Borzoi');
INSERT IGNORE INTO raca (dt_inclusao, id_especie, id_raca, descricao) VALUES(NOW(), 1, 25, 'Boston Terrier');
INSERT IGNORE INTO raca (dt_inclusao, id_especie, id_raca, descricao) VALUES(NOW(), 1, 26, 'Bouvier de Flandres');
INSERT IGNORE INTO raca (dt_inclusao, id_especie, id_raca, descricao) VALUES(NOW(), 1, 27, 'Boxer');
INSERT IGNORE INTO raca (dt_inclusao, id_especie, id_raca, descricao) VALUES(NOW(), 1, 28, 'Braco Alemão Pelo Curto');
INSERT IGNORE INTO raca (dt_inclusao, id_especie, id_raca, descricao) VALUES(NOW(), 1, 29, 'Braco Alemão Pelo Duro');
INSERT IGNORE INTO raca (dt_inclusao, id_especie, id_raca, descricao) VALUES(NOW(), 1, 30, 'Braco Italiano');
INSERT IGNORE INTO raca (dt_inclusao, id_especie, id_raca, descricao) VALUES(NOW(), 1, 31, 'Buldogue Americano');
INSERT IGNORE INTO raca (dt_inclusao, id_especie, id_raca, descricao) VALUES(NOW(), 1, 32, 'Buldogue Francês');
INSERT IGNORE INTO raca (dt_inclusao, id_especie, id_raca, descricao) VALUES(NOW(), 1, 33, 'Buldogue Inglês');
INSERT IGNORE INTO raca (dt_inclusao, id_especie, id_raca, descricao) VALUES(NOW(), 1, 34, 'Bullmastiff');
INSERT IGNORE INTO raca (dt_inclusao, id_especie, id_raca, descricao) VALUES(NOW(), 1, 35, 'Bull Terrier');
INSERT IGNORE INTO raca (dt_inclusao, id_especie, id_raca, descricao) VALUES(NOW(), 1, 36, 'Cairn Terrier');
INSERT IGNORE INTO raca (dt_inclusao, id_especie, id_raca, descricao) VALUES(NOW(), 1, 37, 'Cane Corso');
INSERT IGNORE INTO raca (dt_inclusao, id_especie, id_raca, descricao) VALUES(NOW(), 1, 38, 'Cão D’água Espanhol');
INSERT IGNORE INTO raca (dt_inclusao, id_especie, id_raca, descricao) VALUES(NOW(), 1, 39, 'Cão D’água Português');
INSERT IGNORE INTO raca (dt_inclusao, id_especie, id_raca, descricao) VALUES(NOW(), 1, 40, 'Cão de Crista Chinês');
INSERT IGNORE INTO raca (dt_inclusao, id_especie, id_raca, descricao) VALUES(NOW(), 1, 41, 'Cão de Santo Humberto');
INSERT IGNORE INTO raca (dt_inclusao, id_especie, id_raca, descricao) VALUES(NOW(), 1, 42, 'Cão Lobo Checoslovaco');
INSERT IGNORE INTO raca (dt_inclusao, id_especie, id_raca, descricao) VALUES(NOW(), 1, 43, 'Cão Pelado Mexicano');
INSERT IGNORE INTO raca (dt_inclusao, id_especie, id_raca, descricao) VALUES(NOW(), 1, 44, 'Cão Pelado Peruano');
INSERT IGNORE INTO raca (dt_inclusao, id_especie, id_raca, descricao) VALUES(NOW(), 1, 45, 'Cavalier King Charles Spaniel');
INSERT IGNORE INTO raca (dt_inclusao, id_especie, id_raca, descricao) VALUES(NOW(), 1, 46, 'Cesky Terrier');
INSERT IGNORE INTO raca (dt_inclusao, id_especie, id_raca, descricao) VALUES(NOW(), 1, 47, 'Chesapeake Bay Retriever');
INSERT IGNORE INTO raca (dt_inclusao, id_especie, id_raca, descricao) VALUES(NOW(), 1, 48, 'Chihuahua');
INSERT IGNORE INTO raca (dt_inclusao, id_especie, id_raca, descricao) VALUES(NOW(), 1, 49, 'Chin');
INSERT IGNORE INTO raca (dt_inclusao, id_especie, id_raca, descricao) VALUES(NOW(), 1, 50, 'Chow-chow Pelo Curto');
INSERT IGNORE INTO raca (dt_inclusao, id_especie, id_raca, descricao) VALUES(NOW(), 1, 51, 'Chow-chow Pelo Longo');
INSERT IGNORE INTO raca (dt_inclusao, id_especie, id_raca, descricao) VALUES(NOW(), 1, 52, 'Cirneco do Etna');
INSERT IGNORE INTO raca (dt_inclusao, id_especie, id_raca, descricao) VALUES(NOW(), 1, 53, 'Clumber Spaniel');
INSERT IGNORE INTO raca (dt_inclusao, id_especie, id_raca, descricao) VALUES(NOW(), 1, 54, 'Cocker Spaniel Americano');
INSERT IGNORE INTO raca (dt_inclusao, id_especie, id_raca, descricao) VALUES(NOW(), 1, 55, 'Cocker Spaniel Inglês');
INSERT IGNORE INTO raca (dt_inclusao, id_especie, id_raca, descricao) VALUES(NOW(), 1, 56, 'Collie pelo longo');
INSERT IGNORE INTO raca (dt_inclusao, id_especie, id_raca, descricao) VALUES(NOW(), 1, 57, 'Coton de Tulear');
INSERT IGNORE INTO raca (dt_inclusao, id_especie, id_raca, descricao) VALUES(NOW(), 1, 58, 'Dachshund Teckel - Pelo Curto');
INSERT IGNORE INTO raca (dt_inclusao, id_especie, id_raca, descricao) VALUES(NOW(), 1, 59, 'Dálmata');
INSERT IGNORE INTO raca (dt_inclusao, id_especie, id_raca, descricao) VALUES(NOW(), 1, 60, 'Dandie Dinmont Terrier');
INSERT IGNORE INTO raca (dt_inclusao, id_especie, id_raca, descricao) VALUES(NOW(), 1, 61, 'Dobermann');
INSERT IGNORE INTO raca (dt_inclusao, id_especie, id_raca, descricao) VALUES(NOW(), 1, 62, 'Dogo Argentino');
INSERT IGNORE INTO raca (dt_inclusao, id_especie, id_raca, descricao) VALUES(NOW(), 1, 63, 'Dogo Canário');
INSERT IGNORE INTO raca (dt_inclusao, id_especie, id_raca, descricao) VALUES(NOW(), 1, 64, 'Dogue Alemão');
INSERT IGNORE INTO raca (dt_inclusao, id_especie, id_raca, descricao) VALUES(NOW(), 1, 65, 'Dogue de Bordeaux');
INSERT IGNORE INTO raca (dt_inclusao, id_especie, id_raca, descricao) VALUES(NOW(), 1, 66, 'Elkhound Norueguês Cinza');
INSERT IGNORE INTO raca (dt_inclusao, id_especie, id_raca, descricao) VALUES(NOW(), 1, 67, 'Fila Brasileiro');
INSERT IGNORE INTO raca (dt_inclusao, id_especie, id_raca, descricao) VALUES(NOW(), 1, 68, 'Flat-Coated Retriever');
INSERT IGNORE INTO raca (dt_inclusao, id_especie, id_raca, descricao) VALUES(NOW(), 1, 69, 'Foxhound Inglês');
INSERT IGNORE INTO raca (dt_inclusao, id_especie, id_raca, descricao) VALUES(NOW(), 1, 70, 'Fox Terrier Pelo Duro ');
INSERT IGNORE INTO raca (dt_inclusao, id_especie, id_raca, descricao) VALUES(NOW(), 1, 71, 'Fox Terrier Pelo Liso');
INSERT IGNORE INTO raca (dt_inclusao, id_especie, id_raca, descricao) VALUES(NOW(), 1, 72, 'Galgo Espanhol');
INSERT IGNORE INTO raca (dt_inclusao, id_especie, id_raca, descricao) VALUES(NOW(), 1, 73, 'Golden Retriever');
INSERT IGNORE INTO raca (dt_inclusao, id_especie, id_raca, descricao) VALUES(NOW(), 1, 74, 'Grande Münsterländer');
INSERT IGNORE INTO raca (dt_inclusao, id_especie, id_raca, descricao) VALUES(NOW(), 1, 75, 'Greyhound');
INSERT IGNORE INTO raca (dt_inclusao, id_especie, id_raca, descricao) VALUES(NOW(), 1, 76, 'Griffon Belga');
INSERT IGNORE INTO raca (dt_inclusao, id_especie, id_raca, descricao) VALUES(NOW(), 1, 77, 'Griffon de Bruxelas');
INSERT IGNORE INTO raca (dt_inclusao, id_especie, id_raca, descricao) VALUES(NOW(), 1, 78, 'Husky Siberiano');
INSERT IGNORE INTO raca (dt_inclusao, id_especie, id_raca, descricao) VALUES(NOW(), 1, 79, 'Ibizan Hound');
INSERT IGNORE INTO raca (dt_inclusao, id_especie, id_raca, descricao) VALUES(NOW(), 1, 80, 'Irish Soft Coated Wheaten Terrier');
INSERT IGNORE INTO raca (dt_inclusao, id_especie, id_raca, descricao) VALUES(NOW(), 1, 81, 'Irish Wolfhound');
INSERT IGNORE INTO raca (dt_inclusao, id_especie, id_raca, descricao) VALUES(NOW(), 1, 82, 'Jack Russell Terrier');
INSERT IGNORE INTO raca (dt_inclusao, id_especie, id_raca, descricao) VALUES(NOW(), 1, 83, 'Kerry Blue Terrier');
INSERT IGNORE INTO raca (dt_inclusao, id_especie, id_raca, descricao) VALUES(NOW(), 1, 84, 'Komondor');
INSERT IGNORE INTO raca (dt_inclusao, id_especie, id_raca, descricao) VALUES(NOW(), 1, 85, 'Kuvasz');
INSERT IGNORE INTO raca (dt_inclusao, id_especie, id_raca, descricao) VALUES(NOW(), 1, 86, 'Labrador Retriever');
INSERT IGNORE INTO raca (dt_inclusao, id_especie, id_raca, descricao) VALUES(NOW(), 1, 87, 'Lagotto Romagnolo');
INSERT IGNORE INTO raca (dt_inclusao, id_especie, id_raca, descricao) VALUES(NOW(), 1, 88, 'Lakeland Terrier');
INSERT IGNORE INTO raca (dt_inclusao, id_especie, id_raca, descricao) VALUES(NOW(), 1, 89, 'Leonberger');
INSERT IGNORE INTO raca (dt_inclusao, id_especie, id_raca, descricao) VALUES(NOW(), 1, 90, 'Lhasa Apso');
INSERT IGNORE INTO raca (dt_inclusao, id_especie, id_raca, descricao) VALUES(NOW(), 1, 91, 'Malamute do Alasca');
INSERT IGNORE INTO raca (dt_inclusao, id_especie, id_raca, descricao) VALUES(NOW(), 1, 92, 'Maltês');
INSERT IGNORE INTO raca (dt_inclusao, id_especie, id_raca, descricao) VALUES(NOW(), 1, 93, 'Mastiff');
INSERT IGNORE INTO raca (dt_inclusao, id_especie, id_raca, descricao) VALUES(NOW(), 1, 94, 'Mastim Espanhol');
INSERT IGNORE INTO raca (dt_inclusao, id_especie, id_raca, descricao) VALUES(NOW(), 1, 95, 'Mastino Napoletano');
INSERT IGNORE INTO raca (dt_inclusao, id_especie, id_raca, descricao) VALUES(NOW(), 1, 96, 'Mudi');
INSERT IGNORE INTO raca (dt_inclusao, id_especie, id_raca, descricao) VALUES(NOW(), 1, 97, 'Nordic Spitz');
INSERT IGNORE INTO raca (dt_inclusao, id_especie, id_raca, descricao) VALUES(NOW(), 1, 98, 'Norfolk Terrier');
INSERT IGNORE INTO raca (dt_inclusao, id_especie, id_raca, descricao) VALUES(NOW(), 1, 99, 'Norwich Terrier');
INSERT IGNORE INTO raca (dt_inclusao, id_especie, id_raca, descricao) VALUES(NOW(), 1, 100, 'Old English Sheepdog');
INSERT IGNORE INTO raca (dt_inclusao, id_especie, id_raca, descricao) VALUES(NOW(), 1, 101, 'Papillon');
INSERT IGNORE INTO raca (dt_inclusao, id_especie, id_raca, descricao) VALUES(NOW(), 1, 102, 'Parson Russell Terrier');
INSERT IGNORE INTO raca (dt_inclusao, id_especie, id_raca, descricao) VALUES(NOW(), 1, 103, 'Pastor Alemão');
INSERT IGNORE INTO raca (dt_inclusao, id_especie, id_raca, descricao) VALUES(NOW(), 1, 104, 'Pastor Beauceron');
INSERT IGNORE INTO raca (dt_inclusao, id_especie, id_raca, descricao) VALUES(NOW(), 1, 105, 'Pastor Belga');
INSERT IGNORE INTO raca (dt_inclusao, id_especie, id_raca, descricao) VALUES(NOW(), 1, 106, 'Pastor Bergamasco');
INSERT IGNORE INTO raca (dt_inclusao, id_especie, id_raca, descricao) VALUES(NOW(), 1, 107, 'Pastor Branco Suíço');
INSERT IGNORE INTO raca (dt_inclusao, id_especie, id_raca, descricao) VALUES(NOW(), 1, 108, 'Pastor Briard');
INSERT IGNORE INTO raca (dt_inclusao, id_especie, id_raca, descricao) VALUES(NOW(), 1, 109, 'Pastor da Ásia Central');
INSERT IGNORE INTO raca (dt_inclusao, id_especie, id_raca, descricao) VALUES(NOW(), 1, 110, 'Pastor de Shetland');
INSERT IGNORE INTO raca (dt_inclusao, id_especie, id_raca, descricao) VALUES(NOW(), 1, 111, 'Pastor dos Pirineus');
INSERT IGNORE INTO raca (dt_inclusao, id_especie, id_raca, descricao) VALUES(NOW(), 1, 112, 'Pastor Maremano Abruzês');
INSERT IGNORE INTO raca (dt_inclusao, id_especie, id_raca, descricao) VALUES(NOW(), 1, 113, 'Pastor Polonês');
INSERT IGNORE INTO raca (dt_inclusao, id_especie, id_raca, descricao) VALUES(NOW(), 1, 114, 'Pastor Polonês da Planície');
INSERT IGNORE INTO raca (dt_inclusao, id_especie, id_raca, descricao) VALUES(NOW(), 1, 115, 'Pequeno Basset Griffon da Vendéia');
INSERT IGNORE INTO raca (dt_inclusao, id_especie, id_raca, descricao) VALUES(NOW(), 1, 116, 'Pequeno Cão Leão');
INSERT IGNORE INTO raca (dt_inclusao, id_especie, id_raca, descricao) VALUES(NOW(), 1, 117, 'Pequeno Lebrel Italiano');
INSERT IGNORE INTO raca (dt_inclusao, id_especie, id_raca, descricao) VALUES(NOW(), 1, 118, 'Pequinês');
INSERT IGNORE INTO raca (dt_inclusao, id_especie, id_raca, descricao) VALUES(NOW(), 1, 119, 'Perdigueiro Português');
INSERT IGNORE INTO raca (dt_inclusao, id_especie, id_raca, descricao) VALUES(NOW(), 1, 120, 'Petit Brabançon');
INSERT IGNORE INTO raca (dt_inclusao, id_especie, id_raca, descricao) VALUES(NOW(), 1, 121, 'Pharaoh Hound');
INSERT IGNORE INTO raca (dt_inclusao, id_especie, id_raca, descricao) VALUES(NOW(), 1, 122, 'Pinscher Miniatura');
INSERT IGNORE INTO raca (dt_inclusao, id_especie, id_raca, descricao) VALUES(NOW(), 1, 123, 'Podengo Canário');
INSERT IGNORE INTO raca (dt_inclusao, id_especie, id_raca, descricao) VALUES(NOW(), 1, 124, 'Podengo Português');
INSERT IGNORE INTO raca (dt_inclusao, id_especie, id_raca, descricao) VALUES(NOW(), 1, 125, 'Pointer Inglês');
INSERT IGNORE INTO raca (dt_inclusao, id_especie, id_raca, descricao) VALUES(NOW(), 1, 126, 'Poodle Anão');
INSERT IGNORE INTO raca (dt_inclusao, id_especie, id_raca, descricao) VALUES(NOW(), 1, 127, 'Poodle Médio');
INSERT IGNORE INTO raca (dt_inclusao, id_especie, id_raca, descricao) VALUES(NOW(), 1, 128, 'Poodle Standard');
INSERT IGNORE INTO raca (dt_inclusao, id_especie, id_raca, descricao) VALUES(NOW(), 1, 129, 'Poodle Toy');
INSERT IGNORE INTO raca (dt_inclusao, id_especie, id_raca, descricao) VALUES(NOW(), 1, 130, 'Pug');
INSERT IGNORE INTO raca (dt_inclusao, id_especie, id_raca, descricao) VALUES(NOW(), 1, 131, 'Puli');
INSERT IGNORE INTO raca (dt_inclusao, id_especie, id_raca, descricao) VALUES(NOW(), 1, 132, 'Pumi');
INSERT IGNORE INTO raca (dt_inclusao, id_especie, id_raca, descricao) VALUES(NOW(), 1, 133, 'Rhodesian Ridgeback');
INSERT IGNORE INTO raca (dt_inclusao, id_especie, id_raca, descricao) VALUES(NOW(), 1, 134, 'Rottweiler');
INSERT IGNORE INTO raca (dt_inclusao, id_especie, id_raca, descricao) VALUES(NOW(), 1, 135, 'Saluki');
INSERT IGNORE INTO raca (dt_inclusao, id_especie, id_raca, descricao) VALUES(NOW(), 1, 136, 'Samoieda');
INSERT IGNORE INTO raca (dt_inclusao, id_especie, id_raca, descricao) VALUES(NOW(), 1, 137, 'São Bernardo');
INSERT IGNORE INTO raca (dt_inclusao, id_especie, id_raca, descricao) VALUES(NOW(), 1, 138, 'Schipperke');
INSERT IGNORE INTO raca (dt_inclusao, id_especie, id_raca, descricao) VALUES(NOW(), 1, 139, 'Schnauzer');
INSERT IGNORE INTO raca (dt_inclusao, id_especie, id_raca, descricao) VALUES(NOW(), 1, 140, 'Schnauzer Gigante');
INSERT IGNORE INTO raca (dt_inclusao, id_especie, id_raca, descricao) VALUES(NOW(), 1, 141, 'Schnauzer Miniatura');
INSERT IGNORE INTO raca (dt_inclusao, id_especie, id_raca, descricao) VALUES(NOW(), 1, 142, 'Scottish Terrier');
INSERT IGNORE INTO raca (dt_inclusao, id_especie, id_raca, descricao) VALUES(NOW(), 1, 143, 'Sealyham Terrier');
INSERT IGNORE INTO raca (dt_inclusao, id_especie, id_raca, descricao) VALUES(NOW(), 1, 144, 'Setter Gordon');
INSERT IGNORE INTO raca (dt_inclusao, id_especie, id_raca, descricao) VALUES(NOW(), 1, 145, 'Setter Inglês');
INSERT IGNORE INTO raca (dt_inclusao, id_especie, id_raca, descricao) VALUES(NOW(), 1, 146, 'Setter Irlandês Vermelho');
INSERT IGNORE INTO raca (dt_inclusao, id_especie, id_raca, descricao) VALUES(NOW(), 1, 147, 'Setter Irlandês Vermelho e Branco');
INSERT IGNORE INTO raca (dt_inclusao, id_especie, id_raca, descricao) VALUES(NOW(), 1, 148, 'Shar-pei');
INSERT IGNORE INTO raca (dt_inclusao, id_especie, id_raca, descricao) VALUES(NOW(), 1, 149, 'Shiba');
INSERT IGNORE INTO raca (dt_inclusao, id_especie, id_raca, descricao) VALUES(NOW(), 1, 150, 'Shih-Tzu');
INSERT IGNORE INTO raca (dt_inclusao, id_especie, id_raca, descricao) VALUES(NOW(), 1, 151, 'Silky Terrier Australiano');
INSERT IGNORE INTO raca (dt_inclusao, id_especie, id_raca, descricao) VALUES(NOW(), 1, 152, 'Skye Terrier');
INSERT IGNORE INTO raca (dt_inclusao, id_especie, id_raca, descricao) VALUES(NOW(), 1, 153, 'Smoushond Holandês');
INSERT IGNORE INTO raca (dt_inclusao, id_especie, id_raca, descricao) VALUES(NOW(), 1, 154, 'Spaniel Bretão');
INSERT IGNORE INTO raca (dt_inclusao, id_especie, id_raca, descricao) VALUES(NOW(), 1, 155, 'Spinone Italiano');
INSERT IGNORE INTO raca (dt_inclusao, id_especie, id_raca, descricao) VALUES(NOW(), 1, 156, 'Spitz Alemão Anão');
INSERT IGNORE INTO raca (dt_inclusao, id_especie, id_raca, descricao) VALUES(NOW(), 1, 157, 'Spitz Finlandês');
INSERT IGNORE INTO raca (dt_inclusao, id_especie, id_raca, descricao) VALUES(NOW(), 1, 158, 'Spitz Japonês Anão');
INSERT IGNORE INTO raca (dt_inclusao, id_especie, id_raca, descricao) VALUES(NOW(), 1, 159, 'Springer Spaniel Inglês');
INSERT IGNORE INTO raca (dt_inclusao, id_especie, id_raca, descricao) VALUES(NOW(), 1, 160, 'Stabyhoun');
INSERT IGNORE INTO raca (dt_inclusao, id_especie, id_raca, descricao) VALUES(NOW(), 1, 161, 'Staffordshire Bull Terrier');
INSERT IGNORE INTO raca (dt_inclusao, id_especie, id_raca, descricao) VALUES(NOW(), 1, 162, 'Terra Nova');
INSERT IGNORE INTO raca (dt_inclusao, id_especie, id_raca, descricao) VALUES(NOW(), 1, 163, 'Terrier Alemão de caça Jagd');
INSERT IGNORE INTO raca (dt_inclusao, id_especie, id_raca, descricao) VALUES(NOW(), 1, 164, 'Terrier Brasileiro');
INSERT IGNORE INTO raca (dt_inclusao, id_especie, id_raca, descricao) VALUES(NOW(), 1, 165, 'Terrier Irlandês de Glen do Imaal');
INSERT IGNORE INTO raca (dt_inclusao, id_especie, id_raca, descricao) VALUES(NOW(), 1, 166, 'Terrier Preto da Rússia');
INSERT IGNORE INTO raca (dt_inclusao, id_especie, id_raca, descricao) VALUES(NOW(), 1, 167, 'Tibetan Terrier');
INSERT IGNORE INTO raca (dt_inclusao, id_especie, id_raca, descricao) VALUES(NOW(), 1, 168, 'Tosa Inu');
INSERT IGNORE INTO raca (dt_inclusao, id_especie, id_raca, descricao) VALUES(NOW(), 1, 169, 'Vira-Latas');
INSERT IGNORE INTO raca (dt_inclusao, id_especie, id_raca, descricao) VALUES(NOW(), 1, 170, 'Vizsla');
INSERT IGNORE INTO raca (dt_inclusao, id_especie, id_raca, descricao) VALUES(NOW(), 1, 171, 'Volpino Italiano');
INSERT IGNORE INTO raca (dt_inclusao, id_especie, id_raca, descricao) VALUES(NOW(), 1, 172, 'Weimaraner');
INSERT IGNORE INTO raca (dt_inclusao, id_especie, id_raca, descricao) VALUES(NOW(), 1, 173, 'Welsh Corgi Cardigan');
INSERT IGNORE INTO raca (dt_inclusao, id_especie, id_raca, descricao) VALUES(NOW(), 1, 174, 'Welsh Corgi Pembroke');
INSERT IGNORE INTO raca (dt_inclusao, id_especie, id_raca, descricao) VALUES(NOW(), 1, 175, 'Welsh Springer Spaniel');
INSERT IGNORE INTO raca (dt_inclusao, id_especie, id_raca, descricao) VALUES(NOW(), 1, 176, 'Welsh Terrier');
INSERT IGNORE INTO raca (dt_inclusao, id_especie, id_raca, descricao) VALUES(NOW(), 1, 177, 'West Highland White Terrier');
INSERT IGNORE INTO raca (dt_inclusao, id_especie, id_raca, descricao) VALUES(NOW(), 1, 178, 'Whippet');
INSERT IGNORE INTO raca (dt_inclusao, id_especie, id_raca, descricao) VALUES(NOW(), 1, 179, 'Yorkshire Terrier');

#RACA · GATOS
INSERT IGNORE INTO raca (dt_inclusao, id_especie, id_raca, descricao) VALUES(NOW(), 2, 180, 'Abyssinian');
INSERT IGNORE INTO raca (dt_inclusao, id_especie, id_raca, descricao) VALUES(NOW(), 2, 181, 'American Bobtail Longhair');
INSERT IGNORE INTO raca (dt_inclusao, id_especie, id_raca, descricao) VALUES(NOW(), 2, 182, 'American Bobtail Shorthair');
INSERT IGNORE INTO raca (dt_inclusao, id_especie, id_raca, descricao) VALUES(NOW(), 2, 183, 'American Shorthair');
INSERT IGNORE INTO raca (dt_inclusao, id_especie, id_raca, descricao) VALUES(NOW(), 2, 184, 'American Wirehair');
INSERT IGNORE INTO raca (dt_inclusao, id_especie, id_raca, descricao) VALUES(NOW(), 2, 185, 'Arabian Mau');
INSERT IGNORE INTO raca (dt_inclusao, id_especie, id_raca, descricao) VALUES(NOW(), 2, 186, 'Asian Semi-long Hair');
INSERT IGNORE INTO raca (dt_inclusao, id_especie, id_raca, descricao) VALUES(NOW(), 2, 187, 'Australian Mist');
INSERT IGNORE INTO raca (dt_inclusao, id_especie, id_raca, descricao) VALUES(NOW(), 2, 188, 'Bengal');
INSERT IGNORE INTO raca (dt_inclusao, id_especie, id_raca, descricao) VALUES(NOW(), 2, 189, 'Bobtail Japonês');
INSERT IGNORE INTO raca (dt_inclusao, id_especie, id_raca, descricao) VALUES(NOW(), 2, 190, 'Bombaim');
INSERT IGNORE INTO raca (dt_inclusao, id_especie, id_raca, descricao) VALUES(NOW(), 2, 191, 'Brazilian Shorthair');
INSERT IGNORE INTO raca (dt_inclusao, id_especie, id_raca, descricao) VALUES(NOW(), 2, 192, 'British Longhair');
INSERT IGNORE INTO raca (dt_inclusao, id_especie, id_raca, descricao) VALUES(NOW(), 2, 193, 'Burmês');
INSERT IGNORE INTO raca (dt_inclusao, id_especie, id_raca, descricao) VALUES(NOW(), 2, 194, 'California Spangled Cat');
INSERT IGNORE INTO raca (dt_inclusao, id_especie, id_raca, descricao) VALUES(NOW(), 2, 195, 'Chausie');
INSERT IGNORE INTO raca (dt_inclusao, id_especie, id_raca, descricao) VALUES(NOW(), 2, 196, 'Cornish Rex');
INSERT IGNORE INTO raca (dt_inclusao, id_especie, id_raca, descricao) VALUES(NOW(), 2, 197, 'Curl Americano Pelo Curto');
INSERT IGNORE INTO raca (dt_inclusao, id_especie, id_raca, descricao) VALUES(NOW(), 2, 198, 'Curl Americano Pelo Longo');
INSERT IGNORE INTO raca (dt_inclusao, id_especie, id_raca, descricao) VALUES(NOW(), 2, 199, 'Cymric');
INSERT IGNORE INTO raca (dt_inclusao, id_especie, id_raca, descricao) VALUES(NOW(), 2, 200, 'Devon Rex');
INSERT IGNORE INTO raca (dt_inclusao, id_especie, id_raca, descricao) VALUES(NOW(), 2, 201, 'Domestic Long-Haired');
INSERT IGNORE INTO raca (dt_inclusao, id_especie, id_raca, descricao) VALUES(NOW(), 2, 202, 'Domestic Short-Haired');
INSERT IGNORE INTO raca (dt_inclusao, id_especie, id_raca, descricao) VALUES(NOW(), 2, 203, 'Don Sphynx');
INSERT IGNORE INTO raca (dt_inclusao, id_especie, id_raca, descricao) VALUES(NOW(), 2, 204, 'Egyptian Mau');
INSERT IGNORE INTO raca (dt_inclusao, id_especie, id_raca, descricao) VALUES(NOW(), 2, 205, 'European');
INSERT IGNORE INTO raca (dt_inclusao, id_especie, id_raca, descricao) VALUES(NOW(), 2, 206, 'Exotic Shorthair');
INSERT IGNORE INTO raca (dt_inclusao, id_especie, id_raca, descricao) VALUES(NOW(), 2, 207, 'German Rex');
INSERT IGNORE INTO raca (dt_inclusao, id_especie, id_raca, descricao) VALUES(NOW(), 2, 208, 'Havana');
INSERT IGNORE INTO raca (dt_inclusao, id_especie, id_raca, descricao) VALUES(NOW(), 2, 209, 'Himalaio');
INSERT IGNORE INTO raca (dt_inclusao, id_especie, id_raca, descricao) VALUES(NOW(), 2, 210, 'Khao Manee');
INSERT IGNORE INTO raca (dt_inclusao, id_especie, id_raca, descricao) VALUES(NOW(), 2, 211, 'Korat');
INSERT IGNORE INTO raca (dt_inclusao, id_especie, id_raca, descricao) VALUES(NOW(), 2, 212, 'Kurilian Bobtail Longhair');
INSERT IGNORE INTO raca (dt_inclusao, id_especie, id_raca, descricao) VALUES(NOW(), 2, 213, 'Kurilian Bobtail Shorthair');
INSERT IGNORE INTO raca (dt_inclusao, id_especie, id_raca, descricao) VALUES(NOW(), 2, 214, 'LaPerm Longhair');
INSERT IGNORE INTO raca (dt_inclusao, id_especie, id_raca, descricao) VALUES(NOW(), 2, 215, 'LaPerm Shorthair');
INSERT IGNORE INTO raca (dt_inclusao, id_especie, id_raca, descricao) VALUES(NOW(), 2, 216, 'Maine Coon');
INSERT IGNORE INTO raca (dt_inclusao, id_especie, id_raca, descricao) VALUES(NOW(), 2, 217, 'Manx');
INSERT IGNORE INTO raca (dt_inclusao, id_especie, id_raca, descricao) VALUES(NOW(), 2, 218, 'Mekong Bobtail');
INSERT IGNORE INTO raca (dt_inclusao, id_especie, id_raca, descricao) VALUES(NOW(), 2, 219, 'Munchkin Longhair');
INSERT IGNORE INTO raca (dt_inclusao, id_especie, id_raca, descricao) VALUES(NOW(), 2, 220, 'Munchkin Shorthair');
INSERT IGNORE INTO raca (dt_inclusao, id_especie, id_raca, descricao) VALUES(NOW(), 2, 221, 'Nebelung');
INSERT IGNORE INTO raca (dt_inclusao, id_especie, id_raca, descricao) VALUES(NOW(), 2, 222, 'Norwegian Forest Cat');
INSERT IGNORE INTO raca (dt_inclusao, id_especie, id_raca, descricao) VALUES(NOW(), 2, 223, 'Ocicat');
INSERT IGNORE INTO raca (dt_inclusao, id_especie, id_raca, descricao) VALUES(NOW(), 2, 224, 'Ojos Azules Shorthair');
INSERT IGNORE INTO raca (dt_inclusao, id_especie, id_raca, descricao) VALUES(NOW(), 2, 225, 'Oriental Longhair');
INSERT IGNORE INTO raca (dt_inclusao, id_especie, id_raca, descricao) VALUES(NOW(), 2, 226, 'Oriental Shorthair');
INSERT IGNORE INTO raca (dt_inclusao, id_especie, id_raca, descricao) VALUES(NOW(), 2, 227, 'Persa');
INSERT IGNORE INTO raca (dt_inclusao, id_especie, id_raca, descricao) VALUES(NOW(), 2, 228, 'Peterbald');
INSERT IGNORE INTO raca (dt_inclusao, id_especie, id_raca, descricao) VALUES(NOW(), 2, 229, 'Pixiebob Longhair');
INSERT IGNORE INTO raca (dt_inclusao, id_especie, id_raca, descricao) VALUES(NOW(), 2, 230, 'Pixiebob Shorthair');
INSERT IGNORE INTO raca (dt_inclusao, id_especie, id_raca, descricao) VALUES(NOW(), 2, 231, 'Ragamuffin');
INSERT IGNORE INTO raca (dt_inclusao, id_especie, id_raca, descricao) VALUES(NOW(), 2, 232, 'Ragdoll');
INSERT IGNORE INTO raca (dt_inclusao, id_especie, id_raca, descricao) VALUES(NOW(), 2, 233, 'Russo Azul');
INSERT IGNORE INTO raca (dt_inclusao, id_especie, id_raca, descricao) VALUES(NOW(), 2, 234, 'Sagrado da Birmânia');
INSERT IGNORE INTO raca (dt_inclusao, id_especie, id_raca, descricao) VALUES(NOW(), 2, 235, 'Savannah Cat');
INSERT IGNORE INTO raca (dt_inclusao, id_especie, id_raca, descricao) VALUES(NOW(), 2, 236, 'Scottish Fold');
INSERT IGNORE INTO raca (dt_inclusao, id_especie, id_raca, descricao) VALUES(NOW(), 2, 237, 'Selkirk Rex Longhair');
INSERT IGNORE INTO raca (dt_inclusao, id_especie, id_raca, descricao) VALUES(NOW(), 2, 238, 'Selkirk Rex Shorthair');
INSERT IGNORE INTO raca (dt_inclusao, id_especie, id_raca, descricao) VALUES(NOW(), 2, 239, 'Serengeti');
INSERT IGNORE INTO raca (dt_inclusao, id_especie, id_raca, descricao) VALUES(NOW(), 2, 240, 'Siamês');
INSERT IGNORE INTO raca (dt_inclusao, id_especie, id_raca, descricao) VALUES(NOW(), 2, 241, 'Siberian');
INSERT IGNORE INTO raca (dt_inclusao, id_especie, id_raca, descricao) VALUES(NOW(), 2, 242, 'Singapura');
INSERT IGNORE INTO raca (dt_inclusao, id_especie, id_raca, descricao) VALUES(NOW(), 2, 243, 'Snowshoe');
INSERT IGNORE INTO raca (dt_inclusao, id_especie, id_raca, descricao) VALUES(NOW(), 2, 244, 'Sokoke');
INSERT IGNORE INTO raca (dt_inclusao, id_especie, id_raca, descricao) VALUES(NOW(), 2, 245, 'Somali');
INSERT IGNORE INTO raca (dt_inclusao, id_especie, id_raca, descricao) VALUES(NOW(), 2, 246, 'Sphynx');
INSERT IGNORE INTO raca (dt_inclusao, id_especie, id_raca, descricao) VALUES(NOW(), 2, 247, 'Thai');
INSERT IGNORE INTO raca (dt_inclusao, id_especie, id_raca, descricao) VALUES(NOW(), 2, 248, 'Tonkinese Shorthair');
INSERT IGNORE INTO raca (dt_inclusao, id_especie, id_raca, descricao) VALUES(NOW(), 2, 249, 'Toyger');
INSERT IGNORE INTO raca (dt_inclusao, id_especie, id_raca, descricao) VALUES(NOW(), 2, 250, 'Turkish Angorá');
INSERT IGNORE INTO raca (dt_inclusao, id_especie, id_raca, descricao) VALUES(NOW(), 2, 251, 'Turkish Van');
INSERT IGNORE INTO raca (dt_inclusao, id_especie, id_raca, descricao) VALUES(NOW(), 2, 252, 'York Chocolate');

#RACAS · AVES
INSERT IGNORE INTO raca (dt_inclusao, id_especie, id_raca, descricao) VALUES(NOW(), 3, 253, 'Agapornis');
INSERT IGNORE INTO raca (dt_inclusao, id_especie, id_raca, descricao) VALUES(NOW(), 3, 254, 'Cacatua');
INSERT IGNORE INTO raca (dt_inclusao, id_especie, id_raca, descricao) VALUES(NOW(), 3, 255, 'Calopsita');
INSERT IGNORE INTO raca (dt_inclusao, id_especie, id_raca, descricao) VALUES(NOW(), 3, 256, 'Canário');
INSERT IGNORE INTO raca (dt_inclusao, id_especie, id_raca, descricao) VALUES(NOW(), 3, 257, 'Lóris');
INSERT IGNORE INTO raca (dt_inclusao, id_especie, id_raca, descricao) VALUES(NOW(), 3, 258, 'Papagaio');
INSERT IGNORE INTO raca (dt_inclusao, id_especie, id_raca, descricao) VALUES(NOW(), 3, 259, 'Periquito');

#RACAS · PEIXES
INSERT IGNORE INTO raca (dt_inclusao, id_especie, id_raca, descricao) VALUES(NOW(), 4, 260, 'Acará bandeira (Pterophyllum scalare)');
INSERT IGNORE INTO raca (dt_inclusao, id_especie, id_raca, descricao) VALUES(NOW(), 4, 261, 'Acará disco (Symphysodon sp.)');
INSERT IGNORE INTO raca (dt_inclusao, id_especie, id_raca, descricao) VALUES(NOW(), 4, 262, 'Barbo sumatrano (Capoeta tetrazona)');
INSERT IGNORE INTO raca (dt_inclusao, id_especie, id_raca, descricao) VALUES(NOW(), 4, 263, 'Beijador (Helostoma temmincki)');
INSERT IGNORE INTO raca (dt_inclusao, id_especie, id_raca, descricao) VALUES(NOW(), 4, 264, 'Betta ou peixe de briga (Betta splendens)');
INSERT IGNORE INTO raca (dt_inclusao, id_especie, id_raca, descricao) VALUES(NOW(), 4, 265, 'Borboleta (Gasteropelecus sternicla)');
INSERT IGNORE INTO raca (dt_inclusao, id_especie, id_raca, descricao) VALUES(NOW(), 4, 266, 'Botia palhaço (Botia macracantha)');
INSERT IGNORE INTO raca (dt_inclusao, id_especie, id_raca, descricao) VALUES(NOW(), 4, 267, 'Chilodus (Chilodus punctatus)');
INSERT IGNORE INTO raca (dt_inclusao, id_especie, id_raca, descricao) VALUES(NOW(), 4, 268, 'Colisa (Colisa lalia)');
INSERT IGNORE INTO raca (dt_inclusao, id_especie, id_raca, descricao) VALUES(NOW(), 4, 269, 'Coridora ou Limpa-fundo (Corydoras aeneus)');
INSERT IGNORE INTO raca (dt_inclusao, id_especie, id_raca, descricao) VALUES(NOW(), 4, 270, 'Espada (Xiphophorus helleri)');
INSERT IGNORE INTO raca (dt_inclusao, id_especie, id_raca, descricao) VALUES(NOW(), 4, 271, 'Guppy ou Lebiste (Poecilia reticulata)');
INSERT IGNORE INTO raca (dt_inclusao, id_especie, id_raca, descricao) VALUES(NOW(), 4, 272, 'Japonês (Carassius auratus)');
INSERT IGNORE INTO raca (dt_inclusao, id_especie, id_raca, descricao) VALUES(NOW(), 4, 273, 'Limpa-vidro (Othocinclus vestitus)');
INSERT IGNORE INTO raca (dt_inclusao, id_especie, id_raca, descricao) VALUES(NOW(), 4, 274, 'Molinésia (Poecilia latipinna)');
INSERT IGNORE INTO raca (dt_inclusao, id_especie, id_raca, descricao) VALUES(NOW(), 4, 275, 'Neon cardinal ou Tetra cardinal (Paracheirodon axelrodi)');
INSERT IGNORE INTO raca (dt_inclusao, id_especie, id_raca, descricao) VALUES(NOW(), 4, 276, 'Pangássius (Pangasius sutchi)');
INSERT IGNORE INTO raca (dt_inclusao, id_especie, id_raca, descricao) VALUES(NOW(), 4, 277, 'Paulistinha (Brachydanio rerio)');
INSERT IGNORE INTO raca (dt_inclusao, id_especie, id_raca, descricao) VALUES(NOW(), 4, 278, 'Platy (Xiphophorus maculatus)');
INSERT IGNORE INTO raca (dt_inclusao, id_especie, id_raca, descricao) VALUES(NOW(), 4, 279, 'Ramirezi (Microgeophagus ramirezi)');
INSERT IGNORE INTO raca (dt_inclusao, id_especie, id_raca, descricao) VALUES(NOW(), 4, 280, 'Rodóstomo (Hemigrammus rhodostomus)');
INSERT IGNORE INTO raca (dt_inclusao, id_especie, id_raca, descricao) VALUES(NOW(), 4, 281, 'Tetra preto (Gymnocorymbus ternetzi)');
INSERT IGNORE INTO raca (dt_inclusao, id_especie, id_raca, descricao) VALUES(NOW(), 4, 282, 'Tricogaster Leeri (Trichogaster Leeri)');


